{
  "best_value_pr_auc": 0.5361805192615938,
  "params": {
    "n_estimators": 400,
    "num_leaves": 75,
    "max_depth": 1,
    "learning_rate": 0.08956320290099527,
    "feature_fraction": 0.8809390269514968,
    "bagging_fraction": 0.9184486362614122,
    "bagging_freq": 6,
    "min_child_samples": 26,
    "reg_alpha": 0.4387771202853547,
    "reg_lambda": 0.7924894114573751,
    "scale_pos_weight": 1.590088232868805,
    "objective": "binary",
    "metric": "average_precision",
    "random_state": 42,
    "n_jobs": -1,
    "verbose": -1
  }
}